Temperature (°C),Average hb_count
25,25.698630136986303
30,25.635936406359363
35,25.48075192480752
40,25.233376662333768
45,25.200879912008798
50,24.977302269773023
52,25.036196380361964
55,24.588241175882413
57,24.042395760423958
