Temperature (°C),Fraction Broken Bonds
25,1.0
30,0.981540907351252
35,0.9358495009862514
40,0.8630141019224542
45,0.8534459916978236
50,0.7876173933523714
52,0.8049577531133157
55,0.6730650337091884
57,0.5123502222745604
60,0.30838755262460577
62,0.024553242853358075
67,0.0
